"Player","Pos","Team","Current ADP","Old ADP","ADP Change","Ovr Rank","Pos Rank"
"Jonathan Taylor","RB","IND",1.5,1.6,-0.1,1,1
"Christian McCaffrey","RB","CAR",1.8,1.8,0,2,2
"Justin Jefferson","WR","MIN",3.2,3.2,0,3,1
"Ja'Marr Chase","WR","CIN",5.5,5.4,0.1,5,3
"Austin Ekeler","RB","LAC",5.9,6,-0.1,6,3
"Derrick Henry","RB","TEN",7.8,7.8,0,7,4
"Stefon Diggs","WR","BUF",8.3,8.1,0.2,8,4
"Dalvin Cook","RB","MIN",8.7,8.7,0,9,5
"Davante Adams","WR","LV",10.9,10.9,0,10,5
"Najee Harris","RB","PIT",11.4,11.5,-0.1,11,6
"Travis Kelce","TE","KC",12.9,12.7,0.2,12,1
"Joe Mixon","RB","CIN",13.6,13.7,-0.1,13,7
"CeeDee Lamb","WR","DAL",14.1,14.1,0,14,6
"Saquon Barkley","RB","NYG",14.7,14.5,0.2,15,8
"D'Andre Swift","RB","DET",15.8,15.9,-0.1,16,9
"Deebo Samuel","WR","SF",18,17.9,0.1,17,7
"Alvin Kamara","RB","NO",18.2,18,0.2,18,10
"Aaron Jones","RB","GB",18.3,18.2,0.1,19,11
"Javonte Williams","RB","DEN",20.5,20.3,0.2,20,12
"Mark Andrews","TE","BAL",21.7,21.6,0.1,21,2
"Mike Evans","WR","TB",22.4,22.5,-0.1,22,8
"Tyreek Hill","WR","MIA",23.3,23.6,-0.3,23,9
"Leonard Fournette","RB","TB",24.8,24.9,-0.1,24,13
"A.J. Brown","WR","PHI",25.4,25.5,-0.1,25,10
"Nick Chubb","RB","CLE",26.1,26.2,-0.1,26,14
"Tee Higgins","WR","CIN",27.3,26.9,0.4,27,11
"Michael Pittman","WR","IND",27.5,27.5,0,28,12
"Kyle Pitts","TE","ATL",29.1,29.7,-0.6,29,3
"Keenan Allen","WR","LAC",30.6,30.3,0.3,30,13
"Mike Williams","WR","LAC",31.1,30.7,0.4,31,14
"Josh Allen","QB","BUF",31.7,31.8,-0.1,32,1
"DJ Moore","WR","CAR",33.1,32.9,0.2,33,15
"Courtland Sutton","WR","DEN",33.4,33.3,0.1,34,16
"James Conner","RB","ARI",34.7,34.9,-0.2,35,15
"Travis Etienne","RB","JAX",36.3,36.6,-0.3,36,16
"Jaylen Waddle","WR","MIA",38.2,37.9,0.3,37,17
"Ezekiel Elliott","RB","DAL",39.3,39.4,-0.1,38,17
"Gabriel Davis","WR","BUF",40.6,40.6,0,40,19
"Terry McLaurin","WR","WAS",41.8,41.7,0.1,41,20
"Marquise Brown","WR","ARI",42.5,42.1,0.4,42,21
"Jerry Jeudy","WR","DEN",44,43.9,0.1,43,22
"Breece Hall","RB","NYJ",44.5,44.1,0.4,44,18
"Justin Herbert","QB","LAC",45.2,45.3,-0.1,45,2
"JuJu Smith-Schuster","WR","KC",47.7,47.9,-0.2,46,23
"Lamar Jackson","QB","BAL",47.8,47.4,0.4,47,3
"Diontae Johnson","WR","PIT",48.5,48.7,-0.2,48,24
"Patrick Mahomes","QB","KC",50.7,51,-0.3,49,4
"Darren Waller","TE","LV",52.1,51.5,0.6,51,4
"Brandin Cooks","WR","HOU",52.1,52,0.1,52,25
"George Kittle","TE","SF",53.9,53.9,0,53,5
"Rashod Bateman","WR","BAL",54.2,54,0.2,54,26
"Chris Godwin","WR","TB",55,55.6,-0.6,55,27
"J.K. Dobbins","RB","BAL",55.3,55.6,-0.3,56,20
"Amon-Ra St. Brown","WR","DET",56.2,56.3,-0.1,57,28
"Michael Thomas","WR","NO",57.3,56.2,1.1,58,29
"D.K. Metcalf","WR","SEA",57.7,57.5,0.2,59,30
"Darnell Mooney","WR","CHI",61.1,61,0.1,60,31
"Jalen Hurts","QB","PHI",61.1,61.8,-0.7,61,5
"AJ Dillon","RB","GB",61.2,62,-0.8,62,21
"Kyler Murray","QB","ARI",62.2,62,0.2,63,6
"David Montgomery","RB","CHI",64.2,63.9,0.3,64,22
"Elijah Moore","WR","NYJ",65.9,65.8,0.1,65,32
"Elijah Mitchell","RB","SF",66.5,67.1,-0.6,66,23
"Adam Thielen","WR","MIN",67.8,67.4,0.4,67,33
"Brandon Aiyuk","WR","SF",69.3,69.3,0,68,34
"Trey Lance","QB","SF",69.7,69.1,0.6,69,7
"Allen Lazard","WR","GB",70.6,70.6,0,70,35
"Dalton Schultz","TE","DAL",71.7,71.2,0.5,71,6
"Drake London","WR","ATL",72.4,72.1,0.3,72,36
"Joe Burrow","QB","CIN",74.9,75.4,-0.5,73,8
"Josh Jacobs","RB","LV",75.7,76.2,-0.5,74,24
"Amari Cooper","WR","CLE",75.8,75.8,0,75,37
"DeAndre Hopkins","WR","ARI",76.3,76.3,0,76,38
"DeVonta Smith","WR","PHI",77.2,76.7,0.5,77,39
"Russell Wilson","QB","DEN",79,78.8,0.2,78,9
"Christian Kirk","WR","JAX",79,79.7,-0.7,79,40
"Tony Pollard","RB","DAL",79.7,79.2,0.5,80,25
"Kadarius Toney","WR","NYG",81.5,80.7,0.8,81,41
"Chase Edmonds","RB","MIA",82.4,82.8,-0.4,82,26
"Clyde Edwards-Helaire","RB","KC",82.6,82.4,0.2,83,27
"Hunter Renfrow","WR","LV",84,83.6,0.4,84,42
"Rhamondre Stevenson","RB","NE",85.3,85.7,-0.4,85,28
"Chris Olave","WR","NO",86.4,86.1,0.3,86,43
"Tom Brady","QB","TB",87.6,87.4,0.2,87,10
"Skyy Moore","WR","KC",90,89.2,0.8,88,44
"Dallas Goedert","TE","PHI",90.2,91.3,-1.1,89,7
"Dak Prescott","QB","DAL",90.6,90.7,-0.1,90,11
"Miles Sanders","RB","PHI",91.7,91.3,0.4,91,29
"Dameon Pierce","RB","HOU",92.6,93.9,-1.3,92,30
"T.J. Hockenson","TE","DET",92.8,92.3,0.5,93,8
"Rashaad Penny","RB","SEA",93.7,93.9,-0.2,94,31
"Marquez Valdes-Scantling","WR","KC",95,94.5,0.5,95,45
"Kareem Hunt","RB","CLE",95.4,95.5,-0.1,96,32
"Antonio Gibson","RB","WAS",96.9,97,-0.1,97,33
"Robert Woods","WR","TEN",97.9,98,-0.1,98,46
"Treylon Burks","WR","TEN",100.1,99.5,0.6,99,47
"Damien Harris","RB","NE",100.7,100.4,0.3,100,34
"Tyler Lockett","WR","SEA",101.3,100.6,0.7,101,48
"James Cook","RB","BUF",102.7,102.7,0,102,35
"Dawson Knox","TE","BUF",104.3,103.8,0.5,103,9
"Devin Singletary","RB","BUF",105.6,105.6,0,104,36
"Derek Carr","QB","LV",108.1,108.1,0,106,13
"Tyler Boyd","WR","CIN",108.4,108.5,-0.1,107,49
"George Pickens","WR","PIT",108.6,109.2,-0.6,108,50
"Chase Claypool","WR","PIT",109,108.8,0.2,109,51
"Cordarrelle Patterson","RB","ATL",109.1,110.5,-1.4,110,37
"Zach Ertz","TE","ARI",109.2,109.2,0,111,10
"Aaron Rodgers","QB","GB",111.3,111.9,-0.6,112,14
"Kenneth Walker","RB","SEA",112.5,112.6,-0.1,113,38
"Rondale Moore","WR","ARI",112.8,112.1,0.7,114,52
"Melvin Gordon","RB","DEN",113.4,113.6,-0.2,115,39
"Garrett Wilson","WR","NYJ",116.9,116.7,0.2,116,53
"Kirk Cousins","QB","MIN",117.5,117.1,0.4,118,15
"Jalen Tolbert","WR","DAL",120.4,120,0.4,119,55
"Cole Kmet","TE","CHI",121.2,121.1,0.1,120,11
"Russell Gage","WR","TB",123.3,121.6,1.7,122,56
"Joshua Palmer","WR","LAC",124.2,124,0.2,123,57
"Romeo Doubs","WR","GB",125,125.8,-0.8,124,58
"Brian Robinson Jr.","RB","WAS",126.4,128.5,-2.1,125,41
"Rachaad White","RB","TB",127.6,127.2,0.4,126,42
"Nyheim Hines","RB","IND",128.2,127.6,0.6,127,43
"Kenneth Gainwell","RB","PHI",129.6,129.4,0.2,128,44
"DeVante Parker","WR","NE",131.3,129.8,1.5,129,59
"Mecole Hardman","WR","KC",131.6,130.5,1.1,130,60
"Justin Fields","QB","CHI",132.3,131.9,0.4,131,16
"Michael Gallup","WR","DAL",133,133.1,-0.1,132,61
"Jahan Dotson","WR","WAS",134.5,136,-1.5,133,62
"Alexander Mattison","RB","MIN",135.1,135.4,-0.3,134,45
"Tua Tagovailoa","QB","MIA",136.3,136.6,-0.3,135,17
"Albert Okwuegbunam","TE","DEN",136.4,135.6,0.8,136,12
"Pat Freiermuth","TE","PIT",137.3,137.9,-0.6,137,13
"James Robinson","RB","JAX",137.8,137.9,-0.1,138,46
"D.J. Chark","WR","DET",138,137.2,0.8,139,63
"Isaiah McKenzie","WR","BUF",139.1,140.9,-1.8,140,64
"Isiah Pacheco","RB","KC",139.2,139.4,-0.2,141,47
"Trevor Lawrence","QB","JAX",140.6,141.1,-0.5,142,18
"Irv Smith","TE","MIN",141.7,141.1,0.6,143,14
"Michael Carter","RB","NYJ",144,145.7,-1.7,144,48
"Jakobi Meyers","WR","NE",145.2,145.4,-0.2,145,65
"K.J. Osborn","WR","MIN",145.7,145.6,0.1,146,66
"Nico Collins","WR","HOU",146.7,146.6,0.1,147,67
"Isaiah Spiller","RB","LAC",146.7,144.9,1.8,148,49
"Tyler Allgeier","RB","ATL",149.6,150.5,-0.9,149,50
"Kenny Golladay","WR","NYG",151.1,149.8,1.3,150,68
"Khalil Herbert","RB","CHI",153.2,153.9,-0.7,151,51
"Jameis Winston","QB","NO",153.3,154,-0.7,152,19
"Christian Watson","WR","GB",153.8,153.2,0.6,153,69
"Mike Gesicki","TE","MIA",154,153.5,0.5,154,15
"Hunter Henry","TE","NE",155,155.5,-0.5,155,16
"KJ Hamler","WR","DEN",155.1,154.6,0.5,156,70
"Matt Ryan","QB","IND",156.7,156.6,0.1,157,20
"Jamaal Williams","RB","DET",157.4,158,-0.6,158,52
"Wan'Dale Robinson","WR","NYG",158.4,158.3,0.1,159,71
"Jarvis Landry","WR","NO",158.4,157.7,0.7,160,72
"David Njoku","TE","CLE",160.3,160.4,-0.1,161,17
"Robby Anderson","WR","CAR",161.5,161.2,0.3,162,73
"Gerald Everett","TE","LAC",163.6,163.3,0.3,163,18
"Zamir White","RB","LV",164.5,165.9,-1.4,164,53
"Robert Tonyan","TE","GB",165,165.3,-0.3,165,19
"Jameson Williams","WR","DET",165.3,164.1,1.2,166,74
"Alec Pierce","WR","IND",166.6,167.3,-0.7,167,75
"Daniel Jones","QB","NYG",167.8,167.7,0.1,168,21
"Raheem Mostert","RB","MIA",170.6,171,-0.4,170,54
"Marvin Jones","WR","JAX",174.4,174.1,0.3,172,77
"Tyrion Davis-Price","RB","SF",175.2,175,0.2,173,55
"J.D. McKissic","RB","WAS",176.3,176.9,-0.6,174,56
"Noah Fant","TE","SEA",177.1,176.7,0.4,175,21
"Mac Jones","QB","NE",177.6,177.4,0.2,176,22
"Hayden Hurst","TE","CIN",178.3,178.1,0.2,177,22
"Evan Engram","TE","JAX",179.3,179.3,0,178,23
"Sammy Watkins","WR","GB",179.5,180,-0.5,179,78
"Parris Campbell","WR","IND",180.7,179.6,1.1,180,79
"Zay Jones","WR","JAX",182.4,182.1,0.3,181,80
"Corey Davis","WR","NYJ",182.6,181.4,1.2,182,81
"Jared Goff","QB","DET",183,183.6,-0.6,183,23
"Ryan Tannehill","QB","TEN",185.9,185.2,0.7,184,24
"Austin Hooper","TE","TEN",186.5,186.2,0.3,185,24
"Baker Mayfield","QB","CAR",190.3,191.7,-1.4,186,25
"Taysom Hill","TE","NO",190.8,191,-0.2,187,25
"Marlon Mack","RB","HOU",192,191.6,0.4,188,57
"Deshaun Watson","QB","CLE",193,192.5,0.5,189,26
"Darrel Williams","RB","KC",193.6,193.2,0.4,190,58
"Brevin Jordan","TE","HOU",194.7,195.1,-0.4,191,26
"A.J. Green","WR","ARI",194.9,194,0.9,192,82
"Isaiah Likely","TE","BAL",197.9,202.8,-4.9,193,27
"Jamison Crowder","WR","BUF",198.2,195.6,2.6,194,83
"Davis Mills","QB","HOU",198.3,198.6,-0.3,195,27
"Jerick McKinnon","RB","KC",199.3,202.1,-2.8,196,59
"Gus Edwards","RB","BAL",201.2,200.3,0.9,197,60
"Donovan Peoples-Jones","WR","CLE",201.7,201.5,0.2,198,84
"Trey Sermon","RB","SF",201.8,201.3,0.5,199,61
"Curtis Samuel","WR","WAS",202.3,202.2,0.1,200,85
"Eno Benjamin","RB","ARI",203,203.7,-0.7,201,62
"Carson Wentz","QB","WAS",204.8,205,-0.2,202,28
"Mo Alie-Cox","TE","IND",205,204.6,0.4,204,28
"Devin Duvernay","WR","BAL",205.4,205.4,0,205,87
"Marcus Mariota","QB","ATL",205.7,206.7,-1,206,29
"Mark Ingram","RB","NO",205.8,206,-0.2,207,63
"Logan Thomas","TE","WAS",206.6,208.6,-2,208,29
"David Bell","WR","CLE",206.6,205.8,0.8,209,88
"Joshua Kelley","RB","LAC",206.8,208.3,-1.5,211,64
"Kendrick Bourne","WR","NE",208.7,207.1,1.6,212,90
"Zack Moss","RB","BUF",208.9,209.9,-1,213,65
"Nick Westbrook-Ikhine","WR","TEN",209.2,210.4,-1.2,214,91
"Zach Wilson","QB","NYJ",209.3,209.3,0,215,30
"D'Ernest Johnson","RB","CLE",210.1,209.2,0.9,216,66
"Ronald Jones","RB","KC",210.2,207.2,3,217,67
"Kenny Pickett","QB","PIT",210.3,211.3,-1,218,31
"Randall Cobb","WR","GB",211.2,211.7,-0.5,219,92
"Cameron Brate","TE","TB",211.7,211.2,0.5,220,30
"Danny Gray","WR","SF",211.8,211.6,0.2,221,93
"Kyle Philips","WR","TEN",211.9,211.9,0,222,94
"Jonnu Smith","TE","NE",212.1,211.7,0.4,223,31
"Khalil Shakir","WR","BUF",212.2,212,0.2,224,95
"Chuba Hubbard","RB","CAR",212.3,212.7,-0.4,225,68
"Nelson Agholor","WR","NE",212.4,212.9,-0.5,226,96
"D'Onta Foreman","RB","CAR",212.4,212.7,-0.3,227,69
"Jeff Wilson","RB","SF",212.7,213.9,-1.2,228,70
"Velus Jones","WR","CHI",213.2,213.2,0,229,97
"Hassan Haskins","RB","TEN",213.3,213,0.3,230,71
"Jaylen Warren","RB","PIT",213.3,213.6,-0.3,231,72
"Cedrick Wilson","WR","MIA",213.4,213.2,0.2,232,98
"Ameer Abdullah","RB","LV",213.4,214.1,-0.7,233,73
"Mike Davis","RB","ATL",213.4,215.3,-1.9,234,74
"Boston Scott","RB","PHI",213.7,214.4,-0.7,235,75
"Chris Evans","RB","CIN",213.8,213.9,-0.1,236,76
"Ty Montgomery","WR","NE",214.1,214,0.1,237,99
"Tyler Conklin","TE","NYJ",214.2,214.6,-0.4,238,32
"Quez Watkins","WR","PHI",214.4,214.5,-0.1,239,100
"Samaje Perine","RB","CIN",214.5,214.5,0,240,77
"Greg Dulcich","TE","DEN",214.6,214.8,-0.2,241,33
"Daniel Bellinger","TE","NYG",214.8,214.8,0,242,34
"Bryan Edwards","WR","LV",214.9,215.1,-0.2,244,101
"Dontrell Hilliard","RB","TEN",214.9,215.3,-0.4,245,79
"Trey McBride","TE","ARI",215,215.1,-0.1,246,35
"Terrace Marshall","WR","CAR",215,215,0,247,102
"Laviska Shenault","WR","JAX",215.1,215,0.1,249,103
"Jalen Guyton","WR","LAC",215.2,215.2,0,250,104
"Tyquan Thornton","WR","NE",215.2,214.6,0.6,251,105
"Sterling Shepard","WR","NYG",215.3,215.6,-0.3,252,106
"Mitchell Trubisky","QB","PIT",215.3,215.4,-0.1,253,32
"Desmond Ridder","QB","ATL",215.4,215.5,-0.1,254,33
"Malik Willis","QB","TEN",215.5,215.4,0.1,255,34
"Justin Watson","WR","KC",215.5,215.6,-0.1,256,107
"Matt Breida","RB","NYG",215.6,215.7,-0.1,257,80
"Kenyan Drake","RB","LV",215.6,215.4,0.2,258,81
"Jody Fortson","TE","KC",215.6,215.7,-0.1,259,37
"Rashard Higgins","WR","CAR",215.6,215.8,-0.2,260,108
"C.J. Uzomah","TE","NYJ",215.6,215.7,-0.1,261,38
"Byron Pringle","WR","CHI",215.6,215.5,0.1,262,109
"Ashton Dulin","WR","IND",215.6,215.6,0,263,110
"Noah Brown","WR","DAL",215.7,215.7,0,264,111
"Rex Burkhead","RB","HOU",215.7,215.7,0,265,82
"Adam Trautman","TE","NO",215.7,215.7,0,266,39
"Tyler Badie","RB","BAL",215.7,215.8,-0.1,267,83
"Keelan Cole","WR","NYJ",215.7,215.7,0,268,112
"Jauan Jennings","WR","SF",215.7,215.8,-0.1,269,113
"Braxton Berrios","WR","NYJ",215.7,215.8,-0.1,270,114
"Olamide Zaccheaus","WR","ATL",215.8,215.9,-0.1,271,115
"Amari Rodgers","WR","GB",215.8,215.8,0,272,116
"Jacoby Brissett","QB","CLE",215.8,215.8,0,273,35
"Donald Parham","TE","LAC",215.8,215.9,-0.1,275,40
"Trestan Ebnar","RB","CHI",215.8,215.8,0,276,85
"Foster Moreau","TE","LV",215.8,215.9,-0.1,277,41
"Rob Gronkowski","TE","TB",215.8,215.9,-0.1,278,42
"Demarcus Robinson","WR","LV",215.8,215.8,0,279,117
"Eric Ezukanma","WR","MIA",215.8,215.9,-0.1,280,118
"Equanimeous St. Brown","WR","CHI",215.8,215.9,-0.1,281,119
"Jelani Woods","TE","IND",215.8,215.9,-0.1,282,43
"Damien Williams","RB","ATL",215.8,215.9,-0.1,283,86
"Ke'Shawn Vaughn","RB","TB",215.8,215.9,-0.1,284,87
"Drew Lock","QB","SEA",215.9,215.9,0,285,36
"James Proche","WR","BAL",215.9,215.8,0.1,287,121
"Marquez Callaway","WR","NO",215.9,215.9,0,288,122
"Josh Reynolds","WR","DET",215.9,215.9,0,289,123
"Jimmy Garoppolo","QB","SF",215.9,215.9,0,290,37
"Geno Smith","QB","SEA",215.9,215.9,0,291,38
"Travis Homer","RB","SEA",215.9,215.8,0.1,292,88
"Tyler Huntley","QB","BAL",215.9,215.9,0,293,39
"Benny Snell","RB","PIT",215.9,215.9,0,294,89
"Jerome Ford","RB","CLE",215.9,215.9,0,295,90
"Keaontay Ingram","RB","ARI",215.9,215.9,0,296,91
"O.J. Howard","TE","BUF",215.9,215.9,0,297,44
"Simi Fehoko","WR","DAL",215.9,216,-0.1,298,124
"Snoop Conner","RB","JAX",215.9,215.9,0,299,92
"Royce Freeman","RB","HOU",215.9,216,-0.1,300,93
"Josh Gordon","WR","KC",215.9,216,-0.1,301,125
"Ty Chandler","RB","MIN",215.9,215.9,0,302,94
"Darius Slayton","WR","NYG",215.9,216,-0.1,304,126
"Harrison Bryant","TE","CLE",215.9,215.9,0,305,46
"Phillip Lindsay","RB","MIA",215.9,215.9,0,306,95
"Tommy Tremble","TE","CAR",215.9,215.9,0,307,47
"Josiah Deguara","TE","GB",215.9,216,-0.1,308,48
"Justice Hill","RB","BAL",215.9,215.9,0,309,96
"Davis Webb","QB","NYG",215.9,216,-0.1,310,40
"Myles Gaskin","RB","MIA",216,216,0,311,97
"Deonte Harty","WR","NO",216,216,0,312,127
"Tyler Johnson","WR","TB",216,216,0,313,128
"JaMycal Hasty","RB","SF",216,216,0,314,98
"Montrell Washington","WR","DEN",216,215.9,0.1,315,129
"Johnny Stanton","RB","CLE",216,216,0,316,99
"Dan Arnold","TE","JAX",216,216,0,317,49
"Ihmir Smith-Marsette","WR","MIN",216,216,0,318,130
"David Sills","WR","NYG",216,216,0,319,131
"Kendall Hinton","WR","DEN",216,216,0,320,132
"James Washington","WR","DAL",216,216,0,321,133
"Laquon Treadwell","WR","JAX",216,216,0,322,134
"Giovani Bernard","RB","TB",216,216,0,323,100
"Pierre Strong","RB","NE",216,216,0,324,101
"Brandon Bolden","RB","LV",216,216,0,325,102
"Mack Hollins","WR","LV",216,216,0,326,135
"Phillip Dorsett","WR","HOU",216,216,0,327,136
"DeAndre Carter","WR","LAC",216,216,0,328,137
"Jalen Virgil","WR","DEN",216,216,0,329,138
"Zach Pascal","WR","PHI",216,216,0,331,139
"Jamal Agnew","WR","JAX",216,216,0,332,140
"Tre'Quan Smith","WR","NO",216,216,0,333,141
"Chris Conley","WR","HOU",216,216,0,334,142
"Jalen Reagor","WR","PHI",216,216,0,335,143
"Joe Flacco","QB","NYJ",216,216,0,336,42
"Darrynton Evans","RB","CHI",216,216,0,337,103
"Calvin Austin","WR","PIT",216,216,0,338,144
"Tylan Wallace","WR","BAL",216,216,0,339,145
"Cade Otton","TE","TB",216,216,0,340,50
"Pharaoh Brown","TE","HOU",216,216,0,341,51
"Tyler Goodson","RB","GB",216,216,0,342,104
"Kennedy Brooks","RB","PHI",216,216,0,343,105
"Lil'Jordan Humphrey","WR","NO",216,216,0,344,146
"Kene Nwangwu","RB","MIN",216,216,0,345,106
"Jonathan Williams","RB","WAS",216,216,0,346,107
"Stanley Morgan","WR","CIN",216,216,0,347,147
"Antoine Wesley","WR","ARI",216,216,0,348,148
"Greg Dortch","WR","ARI",216,216,0,349,149
"Marquise Goodwin","WR","CHI",216,216,0,350,150
"Julius Chestnut","RB","TEN",216,216,0,351,108
"Scott Miller","WR","TB",216,216,0,353,152
"David Johnson","RB","HOU",216,216,0,354,109
"Ricky Seals-Jones","TE","NYG",216,216,0,355,52
"Deven Thompkins","WR","TB",216,216,0,356,153
"Gardner Minshew","QB","PHI",216,216,0,357,43
"Travis Fulgham","WR","DEN",216,216,0,358,154
"Collin Johnson","WR","NYG",216,215.9,0.1,359,155
"Sam Howell","QB","WAS",216,216,0,360,44
"DeeJay Dallas","RB","SEA",216,215.9,0.1,361,110
"Andy Isabella","WR","ARI",216,216,0,362,156
"Mohamed Sanu","WR","SF",216,216,0,363,157
"Seth Williams","WR","DEN",216,216,0,364,158
"Jeff Driskel","TE","HOU",216,216,0,365,53
"Kevin Harris","RB","NE",216,216,0,366,111
"Raheem Blackshear","RB","BUF",216,216,0,367,112
"Jake Ferguson","TE","DAL",216,216,0,368,54
"Jeremy Ruckert","TE","NYJ",216,216,0,369,55
"Jaelon Darden","WR","TB",216,216,0,370,159
"Ray-Ray McCloud","WR","SF",216,216,0,371,160
"Auden Tate","WR","ATL",216,216,0,372,161
"Antonio Williams","RB","NYG",216,216,0,373,113
"Anthony McFarland","RB","PIT",216,216,0,374,114
"Colt McCoy","QB","ARI",216,216,0,375,45
"John Bates","TE","WAS",216,216,0,376,56
"Shi Smith","WR","CAR",216,216,0,377,162
"Trent Taylor","WR","CIN",216,216,0,378,163
"Tyrod Taylor","QB","NYG",216,216,0,380,46
"Juwan Johnson","TE","NO",216,216,0,382,57
"John Ross","WR","NYG",216,216,0,383,166
"Craig Reynolds","RB","DET",216,216,0,384,115
"Jalen Camp","WR","HOU",216,216,0,385,167
"Deon Cain","WR","PHI",216,216,0,387,168
"Brandon Johnson","WR","DEN",216,216,0,388,169
"Tajae Sharpe","WR","ATL",216,216,0,389,170
"Jared Bernhardt","QB","ATL",216,216,0,390,47
"Kylen Granson","TE","IND",216,216,0,391,58
"DJ Turner","WR","LV",216,216,0,392,171
"Breshad Perriman","WR","TB",216,216,0,393,172
"Danny Amendola","WR","HOU",216,216,0,394,173
"Kyle Juszczyk","RB","SF",216,216,0,395,117
"Justin Jackson","RB","LAC",216,216,0,396,118
"Tyron Johnson","WR","LV",216,216,0,397,174
"Dyami Brown","WR","WAS",216,216,0,398,175
"N'Keal Harry","WR","NE",216,216,0,399,176
"Brandon Allen","QB","CIN",216,216,0,400,48
"Richie James","WR","NYG",216,216,0,401,177
"Denzel Mims","WR","NYJ",216,216,0,402,178
"Durham Smythe","TE","MIA",216,216,0,403,59
"Steven Sims","WR","PIT",216,216,0,404,179
"Latavius Murray","RB","BAL",216,216,0,405,119
"D'Wayne Eskridge","WR","SEA",216,216,0,406,180
"Charlie Kolar","TE","BAL",216,216,0,407,60
"Anthony Schwartz","WR","CLE",216,216,0,408,181
"Dez Fitzpatrick","WR","TEN",216,216,0,409,182
"Ian Thomas","TE","CAR",216,216,0,410,61
"Abram Smith","RB","NO",216,216,0,411,120
"Larry Rountree","RB","LAC",216,216,0,412,121
"Jalen Nailor","WR","MIN",216,216,0,413,183
"Kalif Raymond","WR","DET",216,216,0,414,184
"Gunner Olszewski","WR","PIT",216,216,0,415,185
"Demetric Felton","RB","CLE",216,216,0,416,122
"Jashuan Corbin","RB","NYG",216,216,0,417,123
"Noah Gray","TE","KC",216,216,0,418,62
"Blake Bell","TE","KC",216,216,0,420,64
"Mike Strachan","WR","IND",216,216,0,421,186
"Matt Barkley","QB","BUF",216,216,0,422,49
"Jonathan Ward","RB","ARI",216,216,0,423,124
"Case Keenum","QB","BUF",216,216,0,424,50
"Tony Jones","RB","NO",216,216,0,425,125
"Calvin Ridley","WR","ATL",216,216,0,426,187
"John Metchie","WR","HOU",216,216,0,427,188
"Racey McMath","WR","TEN",216,216,0,430,189
"Chris Moore","WR","HOU",216,216,0,432,191
"Tanner Conner","WR","MIA",216,216,0,433,192
"Michael Bandy","WR","LAC",216,216,0,434,193
"Caleb Huntley","RB","ATL",216,216,0,435,126
"John Kelly","RB","CLE",216,216,0,436,127
"Chad Henne","QB","KC",216,216,0,437,52
"Alex Bachman","WR","NYG",216,216,0,438,194
"Chigoziem Okonkwo","TE","TEN",216,216,0,439,66
"Dennis Houston","WR","DAL",216,216,0,440,195
"Shemar Bridges","WR","BAL",216,216,0,441,196
"Juwann Winfree","WR","GB",216,216,0,442,197
"Tom Kennedy","WR","DET",216,216,0,443,198
"Lawrence Cager","TE","NYJ",216,216,0,444,67
"Jared Cook","TE","LAC",216,216,0,445,68
"Chris Carson","RB","SEA",216,216,0,446,128
"Greg Ward","WR","PHI",216,216,0,447,199
"Teddy Bridgewater","QB","MIA",216,216,0,448,53
"Emmanuel Sanders","WR","BUF",216,216,0,449,200
"Tim Patrick","WR","DEN",216,216,0,450,201
"James White","RB","NE",216,216,0,451,129
"Dontario Drummond","WR","DAL",216,216,0,452,202
"Kalen Ballage","RB","PIT",216,216,0,453,130
"Quintez Cephus","WR","DET",216,216,0,456,204
"Justyn Ross","WR","KC",216,216,0,457,205
"Jordan Love","QB","GB",216,216,0,458,54
"Keke Coutee","WR","IND",216,216,0,459,206
"Cam Sims","WR","WAS",216,216,0,460,207
"Jakeem Grant","WR","CLE",216,216,0,461,208
"Tre Turner","WR","LV",216,216,0,462,209
"Preston Williams","WR","MIA",216,216,0,463,210
"Mike Glennon","QB","NYG",216,216,0,465,55
"Jordan Akins","TE","NYG",216,216,0,466,70
"Anthony Firkser","TE","ATL",216,216,0,467,71
"Charleston Rambo","WR","CAR",216,216,0,468,211
"Damiere Byrd","WR","ATL",216,216,0,469,212
"Jalen Wydermyer","TE","BUF",216,216,0,470,72
"Miles Boykin","WR","PIT",216,216,0,471,213
"Drew Sample","TE","CIN",216,216,0,473,74
"Chris Herndon","TE","MIN",216,216,0,474,75
"Ty Johnson","RB","NYJ",216,216,0,475,132
"Jordan Wilkins","RB","TEN",216,216,0,476,133
"Jacob Hollister","TE","LV",216,216,0,477,76
"Salvon Ahmed","RB","MIA",216,216,0,478,134
"Peyton Barber","RB","LV",216,216,0,479,135
"D'Vonte Price","RB","IND",216,216,0,480,136
"C.J. Beathard","QB","JAX",216,216,0,481,56
"Jerreth Sterns","WR","TB",216,216,0,482,214
"Taylor Heinicke","QB","WAS",216,216,0,483,57
"DaeSean Hamilton","WR","HOU",216,216,0,484,215
"Mike Harley","WR","CLE",216,216,0,485,216
"Reggie Roberson","WR","TEN",216,216,0,486,217
"Kylin Hill","RB","GB",216,216,0,487,137
"Malcolm Brown","RB","MIA",216,216,0,488,138
"Will Dissly","TE","SEA",216,216,0,489,77
"Nick Mullens","QB","LV",216,216,0,490,58
"Ty Fryfogle","WR","DAL",216,216,0,491,218
"La'Mical Perine","RB","NYJ",216,216,0,492,139
"Adam Humphries","WR","WAS",216,216,0,493,219
"Kyle Allen","QB","HOU",216,216,0,494,59
"Andy Dalton","QB","NO",216,216,0,495,60
"Marquez Stevenson","WR","BUF",216,216,0,496,220
"Matt Corral","QB","CAR",216,216,0,498,61
"Isaiah Ford","WR","MIA",216,216,0,499,221
"James O'Shaughnessy","TE","CHI",216,216,0,501,78
"Ross Dwelley","TE","SF",216,216,0,502,79
"Lynn Bowden","WR","MIA",216,216,0,503,222
"Adam Shaheen","TE","MIA",216,216,0,505,80
"Carson Strong","QB","PHI",216,216,0,506,63
"Slade Bolden","WR","BAL",216,216,0,507,223
"Leddie Brown","RB","LAC",216,216,0,509,143
"DeSean Jackson","WR","LV",216,216,0,510,224
"Tyler Kroft","TE","NYJ",216,216,0,511,81
"T.Y. Hilton","WR","IND",216,216,0,512,225
"Freddie Swain","WR","SEA",216,216,0,513,226
"Jake Luton","QB","JAX",216,216,0,514,64
"Stanley Berryhill","WR","ATL",216,216,0,515,227
"Marcedes Lewis","TE","GB",216,216,0,516,82
"Marcus Johnson","WR","SF",216,216,0,517,228
"Devonta Freeman","RB","BAL",216,216,0,518,144
"Dazz Newsome","WR","CHI",216,216,0,519,229
"Tyler Vaughns","WR","PIT",216,216,0,520,230
"Cornell Powell","WR","KC",216,216,0,522,232
"Nick Foles","QB","CHI",216,216,0,523,65
"Jesse James","TE","CHI",216,216,0,524,83
"Jerrion Ealy","RB","KC",216,216,0,525,145
"Anthony Miller","WR","PIT",216,216,0,526,233
"Kellen Mond","QB","MIN",216,216,0,528,66
"Sam Ehlinger","QB","IND",216,216,0,529,67
"Nick Boyle","TE","BAL",216,216,0,530,84
"Jordan Howard","RB","PHI",216,216,0,531,147
"Darwin Thompson","RB","SEA",216,216,0,532,148
"Jaivon Heiligh","WR","CIN",216,216,0,533,234
"Max Borghi","RB","IND",216,216,0,534,149
"Bisi Johnson","WR","MIN",216,216,0,535,235
"Bo Melton","WR","SEA",216,216,0,536,236
"Sincere McCormick","RB","SEA",216,216,0,537,150
"Kenny Stills","WR","NO",216,216,0,538,237
"MyCole Pruitt","TE","TEN",216,216,0,539,85
"Jeff Smith","WR","NYJ",216,216,0,540,238
"Trey Ragas","RB","LV",216,216,0,541,151
"Dare Ogunbowale","RB","HOU",216,216,0,542,152
"KeeSean Johnson","WR","SF",216,216,0,543,239
"Ryan Izzo","TE","TEN",216,216,0,544,86
"Cameron Batson","WR","TEN",216,216,0,545,240
"Kaylon Geiger","WR","TB",216,216,0,546,241
"John Hightower","WR","PHI",216,216,0,547,242
"Khadarel Hodge","WR","ATL",216,216,0,549,244
"Jace Sternberger","TE","PIT",216,216,0,550,87
"Alec Ingold","RB","MIA",216,216,0,551,153
"Javon McKinley","WR","DET",216,216,0,552,245
"Nick Vannett","TE","NO",216,216,0,554,89
"Jermar Jefferson","RB","DET",216,216,0,555,154
"C.J. Ham","RB","MIN",216,216,0,556,155
"Shane Buechele","QB","KC",216,216,0,557,68
"Alex Collins","RB","SEA",216,216,0,559,156
"Sam Darnold","QB","CAR",216,216,0,561,69
"Cole Turner","TE","WAS",216,216,0,563,91
"ZaQuandre White","RB","MIA",216,216,0,564,158
"Britain Covey","WR","PHI",216,216,0,565,247
"Maxx Williams","TE","ARI",216,216,0,566,92
"Mason Rudolph","QB","PIT",216,216,0,568,70
"Darrell Daniels","TE","ARI",216,216,0,569,93
"Trayveon Williams","RB","CIN",216,216,0,570,159
"Geoff Swaim","TE","TEN",216,216,0,571,94
"Emeka Emezie","WR","BAL",216,216,0,572,249
"Corey Clement","RB","DAL",216,216,0,573,160
"Gary Brightwell","RB","NYG",216,216,0,574,161
"J.J. Arcega-Whiteside","TE","PHI",216,216,0,575,95
"Zach Davidson","TE","MIN",216,216,0,576,96
"Troy Fumagalli","TE","NE",216,216,0,577,97
"Gabe Nabers","RB","LAC",216,216,0,578,162
"Frank Darby","WR","ATL",216,216,0,580,250
"Brandon Zylstra","WR","CAR",216,216,0,581,251
"Nick Muse","TE","MIN",216,216,0,582,99
"Patrick Laird","RB","MIA",216,216,0,583,163
"CJ Verdell","RB","IND",216,216,0,584,164
"Ryan Nall","RB","DAL",216,216,0,585,165
"Alex Erickson","WR","CAR",216,216,0,586,252
"Malik Taylor","WR","GB",216,216,0,587,253
"Tre Nixon","WR","NE",216,216,0,588,254
"Jarrett Stidham","QB","NE",216,216,0,589,71
"Garrett Gilbert","QB","LV",216,216,0,590,72
"Blaine Gabbert","QB","TB",216,216,0,591,73
"Brett Rypien","QB","DEN",216,216,0,592,74
"Stephen Anderson","TE","ARI",216,216,0,593,100
"Kenny Yeboah","TE","NYJ",216,216,0,595,101
"Jimmy Graham","TE","CHI",216,216,0,596,102
"Chase Daniel","QB","LAC",216,216,0,597,75
"Luke Farrell","TE","JAX",216,216,0,598,103
"Master Teague","RB","CHI",216,216,0,599,167
"Mike Boone","RB","DEN",216,216,0,600,168
"Dante Pettis","WR","NYG",216,216,0,602,255
"Phillip Walker","QB","CAR",216,216,0,603,77
"Jakob Johnson","RB","LV",216,216,0,604,169
"Jack Coan","QB","IND",216,216,0,605,78
"Ryan Griffin","QB","TB",216,216,0,606,79
"Patrick Ricard","RB","BAL",216,216,0,607,170
"Jaret Patterson","RB","WAS",216,216,0,608,171
"Keith Smith","RB","ATL",216,216,0,609,172
"Brittain Brown","RB","LV",216,216,0,610,173
"Diontae Spencer","WR","DEN",216,216,0,611,256
"J.J. Taylor","RB","NE",216,216,0,612,174
"Jaylen Samuels","RB","ARI",216,216,0,613,175
"Devin Asiasi","TE","NE",216,216,0,615,104
"Tevin Coleman","RB","NYJ",216,216,0,616,177
"Peyton Hendershot","TE","DAL",216,216,0,617,105
"Gerrid Doaks","RB","MIA",216,216,0,618,178
"Dominique Dafney","TE","GB",216,216,0,619,106
"Tyrie Cleveland","WR","DEN",216,216,0,620,257
"Feleipe Franks","QB","ATL",216,216,0,621,80
"Trace McSorley","QB","ARI",216,216,0,622,81
"Pooka Williams","WR","CIN",216,216,0,623,258
"Zonovan Knight","RB","NYJ",216,216,0,624,179
"Bailey Zappe","QB","NE",216,216,0,625,82
"Joe Reed","WR","LAC",216,216,0,626,259
"Devine Ozigbo","RB","NE",216,216,0,628,180
"Jake Kumerow","WR","BUF",216,216,0,629,261
"Chris Streveler","QB","MIA",216,216,0,630,83
"Reggie Gilliam","RB","BUF",216,216,0,631,181
"Ja'Marcus Bradley","WR","CLE",216,216,0,632,262
"Cade Johnson","WR","SEA",216,216,0,633,263
"Chris Manhertz","TE","JAX",216,216,0,634,107
"Demetrius Harris","TE","ARI",216,216,0,635,108
"Grant Calcaterra","TE","PHI",216,216,0,636,109
"Cethan Carter","TE","MIA",216,216,0,637,110
"Trent Sherfield","WR","MIA",216,216,0,638,264
"Jaydon Mickens","WR","JAX",216,216,0,639,265
"Johnny Mundt","TE","MIN",216,216,0,640,111
"Colin Thompson","TE","CAR",216,216,0,641,112
"Deon Yelder","TE","ARI",216,216,0,644,114
"River Cracraft","WR","MIA",216,216,0,645,266
"Ben DiNucci","QB","DAL",216,216,0,646,84
"Jason Croom","TE","PHI",216,216,0,647,115
"Michael Burton","RB","KC",216,216,0,648,183
"Trenton Cannon","RB","TEN",216,216,0,649,184
"James Mitchell","TE","DET",216,216,0,650,116
"Connor Heyward","TE","PIT",216,216,0,651,117
"Khari Blasingame","RB","CHI",216,216,0,652,185
"Lucas Krull","TE","NO",216,216,0,653,118
"Tanner Hudson","TE","SF",216,216,0,654,119
"Charlie Woerner","TE","SF",216,216,0,655,120
"Terry Godwin","WR","JAX",216,216,0,656,267
"Kahale Warring","TE","JAX",216,216,0,657,121
"Robert Foster","WR","NYG",216,216,0,659,268
"Elijhaa Penny","RB","NYG",216,216,0,660,186
"Dustin Crum","QB","KC",216,216,0,661,85
"Stephen Carlson","TE","CLE",216,216,0,663,124
"Ben Ellefson","TE","MIN",216,216,0,664,125
"Daurice Fountain","WR","KC",216,216,0,665,269
"Eric Saubert","TE","DEN",216,216,0,666,126
"Dalton Keene","TE","NE",216,216,0,667,127
"Brian Hoyer","QB","NE",216,216,0,668,86
"Antonio Gandy-Golden","WR","WAS",216,216,0,669,270
"David Blough","QB","DET",216,216,0,670,87
"Andy Janovich","RB","HOU",216,216,0,671,187
"Penny Hart","WR","SEA",216,216,0,672,271
"Colby Parkinson","TE","SEA",216,216,0,673,128
"Tavon Austin","WR","JAX",216,216,0,674,272
"Matt Slater","WR","NE",216,216,0,675,273
"Jason Huntley","RB","PHI",216,216,0,676,188
"Rico Dowdle","RB","DAL",216,216,0,677,189
"Joshua Dobbs","QB","CLE",216,216,0,678,88
"Scottie Phillips","RB","HOU",216,216,0,679,190
"Nick Bellore","RB","SEA",216,216,0,680,191
"Derek Carrier","TE","LV",216,216,0,681,129
"Vyncint Smith","WR","TB",216,216,0,683,274
"Cody Hollister","WR","TEN",216,216,0,685,276
"Marcus Kemp","WR","KC",216,216,0,687,277
"Gehrig Dieter","WR","KC",216,216,0,688,278
"Dwayne Washington","RB","NO",216,216,0,689,192
"Logan Woodside","QB","TEN",216,216,0,690,90
"Cullen Gillaspia","RB","NYG",216,216,0,691,193
"Taiwan Jones","RB","BUF",216,216,0,692,194
"Dede Westbrook","WR","MIN",216,216,0,693,279
"Andre Roberts","WR","LAC",216,216,0,694,280
"Jeremy Sprinkle","TE","DAL",216,216,0,695,131
"Trenton Irwin","WR","CIN",216,216,0,696,281
"Trevon Wesco","TE","NYJ",216,216,0,697,132
"Qadree Ollison","RB","ATL",216,216,0,699,195
"Chris Myarick","TE","NYG",216,216,0,700,133
"Isaiah Coulter","WR","CHI",216,216,0,702,283
"Cooper Rush","QB","DAL",216,216,0,703,92
"Mike White","QB","NYJ",216,216,0,704,93
"J.P. Holtz","TE","NO",216,216,0,705,134
"Kelvin Harmon","WR","WAS",216,216,0,706,284
"Levi Lewis","QB","SEA",216,216,0,709,94
"Scotty Washington","TE","CIN",216,216,0,710,137
"Samson Nacua","WR","IND",216,216,0,711,285
"Jake Tonges","TE","CHI",216,216,0,712,138
"Braylon Sanders","WR","MIA",216,216,0,715,287
"DeMichael Harris","WR","IND",216,216,0,717,288
"Felix Harper","QB","CLE",216,216,0,718,95
"Chester Rogers","WR","TEN",216,216,0,719,289
"Mike Thomas","WR","CIN",216,216,0,721,290
"Kevin Shaa","WR","CHI",216,216,0,723,291
"Devon Williams","WR","BAL",216,216,0,724,292
"Ricky Person","RB","BAL",216,216,0,725,196
"Tony Poljan","TE","BAL",216,216,0,728,143
"Jared Pinkney","TE","DET",216,216,0,729,144
"Patrick Taylor","RB","GB",216,216,0,730,198
"Kevin Hogan","QB","TEN",216,216,0,731,97
"Briley Moore-McKinney","TE","TEN",216,216,0,732,145
"Thaddeus Moss","TE","CIN",216,216,0,733,146
"Jeremiah Hall","RB","NYG",216,216,0,734,199
"Cody White","WR","PIT",216,216,0,737,293
"Duke Johnson","RB","BUF",216,216,0,741,202
"Mitchell Wilcox","TE","CIN",216,216,0,742,148
"Tyshaun James","WR","ATL",216,216,0,743,295
"Adam Prentice","RB","NO",216,216,0,745,203
"Justin Rigg","TE","CIN",216,216,0,751,150
"Chase Allen","TE","CHI",216,216,0,752,151
"Ryan Fitzpatrick","QB","WAS",216,216,0,753,100
"Tim Jones","WR","JAX",216,216,0,754,298
"Elijah Holyfield","RB","CIN",216,216,0,756,206
"Kaleb Eleby","QB","SEA",216,216,0,759,101
"Ryan Becker","TE","ATL",216,216,0,761,153
"Brandon Peters","QB","LAC",216,216,0,763,103
"T.J. Vasher","WR","DAL",216,216,0,765,302
"Zach Gentry","TE","PIT",216,216,0,766,155
"Dillon Stoner","WR","LV",216,216,0,770,305
"Ryquell Armstead","RB","JAX",216,216,0,774,209
"D'Eriq King","QB","NE",216,216,0,775,104
"Tory Carter","RB","TEN",216,216,0,777,210
"Myron Mitchell","WR","MIN",216,216,0,778,308
"Brock Wright","TE","DET",216,216,0,780,158
"Stone Smartt","TE","LAC",216,216,0,781,159
"Blake Proehl","WR","MIN",216,216,0,782,309
"Garrett Griffin","TE","DET",216,216,0,783,160
"Spencer Brown","RB","CAR",216,216,0,784,211
"Mekhi Sargent","RB","JAX",216,216,0,786,213
"Easton Stick","QB","LAC",216,216,0,787,105
"Aaron Fuller","WR","SEA",216,216,0,788,310
"Javonta Payton","WR","ARI",216,216,0,789,311
"Tyreik McAllister","RB","DEN",216,216,0,794,216
"Dylan Cantrell","TE","WAS",216,216,0,796,163
"Austin Trammell","WR","ATL",216,216,0,797,313
"Daylen Baldwin","WR","NYG",216,216,0,800,315
"Godwin Igwebuike","RB","DET",216,216,0,803,219
"Kristian Wilkerson","WR","NE",216,216,0,804,316
"Keke Chism","WR","GB",216,216,0,807,318
"Tommy Hudson","TE","TEN",216,216,0,809,165
"Juwan Green","WR","DEN",216,216,0,813,320
"Jacob Eason","QB","SEA",216,216,0,817,109
"Dezmon Patmon","WR","IND",216,216,0,818,321
"Mike Woods","WR","CLE",216,216,0,820,322
"Kevin Marks","RB","LAC",216,216,0,823,222
"Andrew Beck","RB","DEN",216,216,0,824,223
"Easop Winston","WR","NO",216,216,0,825,324
"Chris Oladokun","QB","PIT",216,216,0,826,111
"Sutton Smith","RB","LV",216,216,0,833,226
"Austin Allen","TE","NYG",216,216,0,835,169
"Austin Walter","RB","NYJ",216,216,0,836,228
"Davion Davis","WR","HOU",216,216,0,838,329
"Will Grier","QB","DAL",216,216,0,839,112
"Trevon Bradford","WR","LAC",216,216,0,840,330
"Daniel Brown","TE","NYJ",216,216,0,845,173
"Dan Chisena","WR","MIN",216,216,0,846,332
"Richard Rodgers","TE","PHI",216,216,0,848,175
"C.J. Saunders","WR","CAR",216,216,0,850,333
"Andrew Parchment","WR","CAR",216,216,0,851,334
"Kawaan Baker","WR","NO",216,216,0,852,335
"Andrew Ogletree","TE","IND",216,216,0,853,177
"Chad Hansen","WR","ATL",216,216,0,855,337
"Jontre Kirklin","WR","ARI",216,216,0,857,338
"Travis Jonsen","WR","TB",216,216,0,858,339
"Josh Oliver","TE","BAL",216,216,0,860,178
"Ian Book","QB","NO",216,216,0,861,114
"Ethan Wolf","TE","NO",216,216,0,864,179
"Quartney Davis","WR","IND",216,216,0,865,340
"Malik Turner","WR","SF",216,216,0,866,341
"Jalen McCleskey","WR","NO",216,216,0,868,342
"Mataeo Durant","RB","PIT",216,216,0,869,233
"Cyril Grayson","WR","TB",216,216,0,875,346
"Tyler Mabry","TE","SEA",216,216,0,876,181
"Kevin Austin","WR","JAX",216,216,0,878,347
"Tanner Gentry","WR","BUF",216,216,0,879,348
"Sammis Reyes","TE","WAS",216,216,0,880,183
"Tyree Jackson","TE","PHI",216,216,0,884,185
"Marken Michel","WR","WAS",216,216,0,885,351
"Reid Sinnett","QB","PHI",216,216,0,886,116
"BJ Baylor","RB","GB",216,216,0,888,235
"Malik Smith","TE","CLE",216,216,0,889,186
"Maurice Ffrench","WR","LAC",216,216,0,890,353
"Jake Browning","QB","CIN",216,216,0,892,118
"Rysen John","TE","NYG",216,216,0,893,187
"Paul Quessenberry","TE","HOU",216,216,0,896,188
"Anthony Turner","WR","GB",216,216,0,900,358
"Dylan Parham","TE","DEN",216,216,0,901,189
"Rico Bussey","WR","PIT",216,216,0,903,359
"Henry Litwin","WR","CHI",216,216,0,905,361
"Aaron Shampklin","RB","DAL",216,216,0,906,237
"Matt Cole","WR","SEA",216,216,0,910,363
"D.J. Montgomery","WR","NYJ",216,216,0,911,364
"Davis Cheek","QB","CAR",216,216,0,917,123
"Cody Thompson","WR","SEA",216,216,0,918,368
"Zander Horvath","RB","LAC",216,216,0,920,238
"Aaron Parker","WR","CAR",216,216,0,922,370
"Sean McKeon","TE","DAL",216,216,0,923,191
"Josh Hokit","RB","SF",216,216,0,924,240
"Nate McCrary","RB","BAL",216,216,0,925,241
"Nakia Griffin-Stewart","TE","KC",216,216,0,927,193
"Nick Ralston","RB","DAL",216,216,0,929,243
"Jeff Cotton","WR","JAX",216,216,0,931,372
"Nick Eubanks","TE","CIN",216,216,0,932,194
"Brian Hill","RB","SF",216,216,0,934,244
"Zaire Mitchell-Paden","TE","CLE",216,216,0,942,197
"Isaiah Weston","TE","CIN",216,216,0,943,198
"Nsimba Webster","WR","CHI",216,216,0,945,378
"Trevon Clark","WR","BAL",216,216,0,946,379
"John Raine","TE","ATL",216,216,0,947,199
"Eric Tomlinson","TE","DEN",216,216,0,950,201
"John Fitzpatrick","TE","ATL",216,216,0,952,202
"Drew Estrada","WR","HOU",216,216,0,953,381
"Sean Mannion","QB","MIN",216,216,0,954,124
"Farrod Green","TE","IND",216,216,0,955,203
"Nick Bawden","RB","NYJ",216,216,0,956,248
"Keelan Doss","WR","DEN",216,216,0,960,382
"Nick Guggemos","TE","CLE",216,216,0,966,205
"Derrick Deese","TE","DET",216,216,0,971,207
"Jesper Horsted","TE","CHI",216,216,0,974,209
"Savon Scarver","WR","CHI",216,216,0,975,387
"Jack Stoll","TE","PHI",216,216,0,976,210
"Nathan Cottrell","RB","JAX",216,216,0,979,254
"Shermari Jones","RB","CIN",216,216,0,983,255
"C.J. Board","WR","NYG",216,216,0,986,392
"Damon Hazelton","WR","HOU",216,216,0,989,394
"Matt Sokol","TE","DET",216,216,0,990,212
"Connor Wedington","WR","SF",216,216,0,992,395
"Taysir Mack","WR","SF",216,216,0,995,397
"Michael Young","WR","IND",216,216,0,997,398
"Landon Lenoir","WR","CHI",216,216,0,1001,400
"Kenjon Barner","RB","TB",216,216,0,1002,261
"Nolan Given","TE","DET",216,216,0,1005,213
"Jaylon Moore","WR","BAL",216,216,0,1007,404
"Ian Bunting","TE","DAL",216,216,0,1008,214
"Darius Anderson","RB","HOU",216,216,0,1009,262
"Chase Garbers","QB","LV",216,216,0,1010,130
"Damarea Crockett","RB","DEN",216,216,0,1015,263
"Cole Fotheringham","TE","LV",216,216,0,1016,218
"Trey Quinn","WR","DEN",216,216,0,1019,408
"Corey Sutton","WR","DET",216,216,0,1021,410
"Josh Adams","RB","NO",216,216,0,1023,265
"Luke Stocker","TE","MIN",216,216,0,1025,219
"Brandon Dillon","TE","NYJ",216,216,0,1026,220
"Brock Purdy","QB","SF",216,216,0,1028,131
"Sewo Olonilua","RB","DAL",216,216,0,1031,267
"Andre Baccellia","WR","ARI",216,216,0,1032,413
"Steven Montez","QB","DET",216,216,0,1033,132
"Kekoa Crawford","WR","IND",216,216,0,1034,414
"Bryant Koback","RB","MIN",216,216,0,1035,268
"Dax Milne","WR","WAS",216,216,0,1036,415
"Josh Babicz","TE","CAR",216,216,0,1037,222
"Stephen Sullivan","TE","CAR",216,216,0,1038,223
"Ko Kieft","TE","TB",216,216,0,1039,224
"Curtis Hodges","TE","WAS",216,216,0,1041,225
"Ron Hunt","WR","NYJ",216,216,0,1048,421
"Danny Davis","WR","GB",216,216,0,1050,423
"Jequez Ezzard","WR","WAS",216,216,0,1051,424
"Alex Ellis","TE","ARI",216,216,0,1053,227
"Mason Kinsey","WR","TEN",216,216,0,1057,426
"Jake Fromm","QB","NYG",216,216,0,1061,135
"Irvin Charles","WR","NYJ",216,216,0,1062,428
"Shane Zylstra","TE","DET",216,216,0,1066,231
"Nick Bowers","TE","LV",216,216,0,1071,232
"Ronnie Rivers","RB","ARI",216,216,0,1073,274
"Travell Harris","WR","CLE",216,216,0,1076,432
"Trevor Siemian","QB","CHI",216,216,0,1078,136
"Rodney Williams","TE","DEN",216,216,0,1081,235
"Greg Bell","RB","DET",216,216,0,1083,276
"Josh Malone","WR","TEN",216,216,0,1091,439
"Austin Proehl","WR","NYG",216,216,0,1093,440
"Teagan Quitoriano","TE","HOU",216,216,0,1095,240
"Daniel Helm","TE","ATL",216,216,0,1100,241
"Eli Wolf","TE","IND",216,216,0,1104,243
"Jordan Matthews","TE","SF",216,216,0,1106,244
"Dareke Young","WR","SEA",216,216,0,1108,444
"Jake Hausmann","TE","NYG",216,216,0,1112,245
"Giovanni Ricci","RB","CAR",216,216,0,1113,284
"Cole Kelley","QB","WAS",216,216,0,1116,140
"Rashid Shaheed","WR","NO",216,216,0,1117,447
"Shaun Beyer","TE","DEN",216,216,0,1119,246
"Darius Bradwell","RB","CAR",216,216,0,1120,287
"Thomas Hennigan","WR","MIN",216,216,0,1122,449
"Bryce Watts","RB","PIT",216,216,0,1123,288
"Antony Auclair","TE","HOU",216,216,0,1132,249
"Keshunn Abram","WR","NYJ",216,216,0,1134,452
"Danny Etling","QB","GB",216,216,0,1135,142
"Ben Beise","TE","TB",216,216,0,1136,251
"Erik Krommenhoek","TE","LAC",216,216,0,1137,252
"Wayne Gallman","RB","MIN",216,216,0,1138,292
"Kirk Merritt","WR","NO",216,216,0,1139,453
"Kurt Benkert","QB","GB",216,216,0,1142,144
"Josh Johnson","WR","DET",216,NA,NA,1143,454
"Adrian Peterson","RB","SEA",216,216,0,1147,295
"Deon Jackson","RB","IND",216,216,0,1148,296
"Kwamie Kassiter","WR","CIN",216,216,0,1150,457
"John Lovett","RB","CAR",216,216,0,1151,297
"Gerrit Price","TE","JAX",216,216,0,1153,253
"Derrick Gore","RB","KC",216,216,0,1159,300
"Jake Bargas","RB","MIN",216,216,0,1160,301
"Kevin White","WR","NO",216,216,0,1162,462
"Noah Togiai","TE","PHI",216,216,0,1164,255
"Tommy Sweeney","TE","BUF",216,216,0,1166,256
"Rico Gafford","WR","GB",216,216,0,1171,466
"Kevin Rader","TE","PIT",216,216,0,1175,258
"Changa Hodges","WR","ARI",216,216,0,1176,469
"Tay Martin","WR","SF",216,216,0,1178,470
"Tyler Davis","TE","GB",216,216,0,1180,259
"Cody Core","WR","MIA",216,216,0,1181,471
"Binjimen Victor","WR","BAL",216,216,0,1184,474
"Malik Williams","WR","BUF",216,216,0,1186,476
"Ryan Willis","QB","CHI",216,216,0,1187,149
"Josh Hammond","WR","JAX",216,216,0,1188,477
"Kalil Pimpleton","WR","DET",216,216,0,1192,480
"Jason Cabinda","RB","DET",216,216,0,1193,305
"Austin Fort","TE","TEN",216,216,0,1194,260
"Brandon Smith","WR","DAL",216,216,0,1195,481
"Tre Ford","QB","BAL",216,216,0,1197,150
"Makai Polk","WR","BAL",216,216,0,1198,482
"Brayden Lenius","TE","ATL",216,216,0,1200,263
"Kyric McGowan","WR","WAS",216,216,0,1201,483
"Tayon Fleet-Davis","RB","KC",216,216,0,1202,306
"JaQuan Hardy","RB","DAL",216,216,0,1203,307
"Alex Armah","RB","WAS",216,216,0,1205,308
"Rodney Adams","WR","NYJ",216,216,0,1206,484
"J.J. Nelson","WR","IND",216,216,0,1211,486
"Tim Boyle","QB","DET",216,216,0,1212,151
"Cyrus Holder","WR","CHI",216,216,0,1214,487
"Codey McElroy","TE","TB",216,216,0,1215,268
"Caleb Wilson","TE","DEN",216,216,0,1216,269
"Reggie Bonnafon","RB","WAS",216,216,0,1220,312
"Sandro Platzgummer","RB","NYG",216,216,0,1223,314
"Jason Moore","WR","LAC",216,216,0,1225,489
"Bernhard Seikovits","TE","ARI",216,216,0,1227,272
"Kyle Trask","QB","TB",216,216,0,1229,153
"Miller Forristall","TE","CLE",216,216,0,1230,273
"Travis Benjamin","WR","SF",216,216,0,1232,490
"A.J. Rose","RB","MIN",216,216,0,1235,316
"Samori Toure","WR","GB",216,216,0,1236,493
"Dexter Williams","RB","CLE",216,216,0,1237,317
"Travis Toivonen","WR","NYG",216,216,0,1238,494
"Dai'Jean Dixon","WR","NO",216,216,0,1239,495
"Austin Watkins","WR","TB",216,216,0,1240,496
"Matt Bushman","TE","KC",216,216,0,1244,276
"Artavis Pierce","RB","DEN",216,216,0,1250,319
"Trey Edmunds","RB","PIT",216,216,0,1252,320
"David Wells","TE","ARI",216,216,0,1253,278
"Austin Mack","WR","SF",216,216,0,1255,502
"Tre' McKitty","TE","LAC",216,216,0,1257,279
"David Moore","WR","CHI",216,216,0,1258,503
"Michael Jacobson","TE","IND",216,216,0,1260,280
"James Morgan","QB","IND",216,216,0,1265,159
"Neal Pau'u","WR","BUF",216,216,0,1267,505
"Javon Wims","WR","CLE",216,216,0,1269,506
"Ra'Shaun Henry","WR","CAR",216,216,0,1272,507
"Nate Sudfeld","QB","SF",216,216,0,1274,160
"Stephon Robinson","WR","ARI",216,216,0,1275,508
"Hunter Long","TE","MIA",216,216,0,1284,287
"Mark Vital","TE","KC",216,216,0,1288,289
"Chris Blair","WR","GB",216,216,0,1289,512
"EJ Perry","QB","PHI",216,216,0,1291,163
"Ryan Switzer","WR","CLE",216,216,0,1292,513
"Hunter Kampmoyer","TE","LAC",216,216,0,1293,290
"Seth Green","TE","HOU",216,216,0,1295,291
"Ty'Son Williams","RB","BAL",216,216,0,1297,328
"Brian Lewerke","QB","NYG",216,216,0,1299,164
"Tommylee Lewis","WR","MIA",216,216,0,1301,517
"Quintin Morris","TE","BUF",216,216,0,1304,293
"Alize Mack","TE","GB",216,216,0,1308,294
"Trinity Benson","WR","DET",216,216,0,1310,521
"Parker Hesse","TE","ATL",216,216,0,1311,295
"Anthony Brown","QB","BAL",216,216,0,1314,166
"Trishton Jackson","WR","MIN",216,216,0,1316,525
"Johnny Johnson","WR","HOU",216,216,0,1318,527
"Corey Coleman","WR","KC",216,216,0,1324,529
"Tarik Black","WR","NYJ",216,216,0,1325,530
"Isaiah Hodgins","WR","BUF",216,216,0,1326,531
"Anthony Gordon","QB","KC",216,216,0,1327,168
"Dylan Soehner","TE","NO",216,216,0,1328,297
"Derek Watt","RB","PIT",216,216,0,1332,333
"John Ursua","WR","SEA",216,216,0,1339,537
"Albert Wilson","WR","MIA",216,216,0,1340,538
"Skylar Thompson","QB","MIA",216,216,0,1341,169
